[{"id": 257, "parent": 256, "type": "TITLE_LEVEL_1", "box": [70, 164, 1686, 28], "text": "WA MECANICIENS., 699\n", "origin": "computer", "checked": false}, {"id": 263, "parent": 262, "type": "LINE", "box": [76, 204, 364, 28], "text": "", "indented": false, "EOL": false}, {"id": 262, "parent": 261, "type": "ENTRY", "box": [76, 204, 364, 28], "name": "doubiet", "street": "", "street_number": "172", "raw": "Doubiet, Faub.-8t- Martin, 172.\n", "score": 0.5, "origin": "computer", "checked": false}, {"id": 265, "parent": 264, "type": "LINE", "box": [76, 232, 372, 24], "text": "", "indented": true, "EOL": false}, {"id": 264, "parent": 261, "type": "ENTRY", "box": [76, 232, 372, 24], "name": "drieux", "street": "", "street_number": "", "raw": "Drieux, Chastillon 23. ‘\n", "score": 0.0, "origin": "computer", "checked": false}, {"id": 267, "parent": 266, "type": "LINE", "box": [74, 260, 388, 30], "text": "", "indented": true, "EOL": false}, {"id": 268, "parent": 266, "type": "LINE", "box": [88, 288, 288, 28], "text": "", "indented": false, "EOL": false}, {"id": 266, "parent": 261, "type": "ENTRY", "box": [74, 260, 388, 56], "name": "drouet", "street": "rue des Trois Bornes", "street_number": "9", "raw": "Drouet, fab. d'acier poli, puintes\n faillees, Trois-Bornes, 9.\n", "score": 1.0, "origin": "computer", "checked": false}, {"id": 270, "parent": 269, "type": "LINE", "box": [74, 316, 388, 26], "text": "", "indented": true, "EOL": false}, {"id": 271, "parent": 269, "type": "LINE", "box": [88, 344, 376, 26], "text": "", "indented": false, "EOL": false}, {"id": 272, "parent": 269, "type": "LINE", "box": [90, 374, 372, 24], "text": "", "indented": false, "EOL": false}, {"id": 273, "parent": 269, "type": "LINE", "box": [86, 404, 376, 24], "text": "", "indented": false, "EOL": false}, {"id": 274, "parent": 269, "type": "LINE", "box": [90, 428, 98, 24], "text": "", "indented": false, "EOL": false}, {"id": 269, "parent": 261, "type": "ENTRY", "box": [74, 316, 390, 136], "name": "drouct", "street": "", "street_number": "18", "raw": "Drouct, :: 1836, mécanicien ser-\nrurier, taillandier, coutelier, cou-\nteaux à revers, à lames mobiles\npour corroyeurs, Figuier-St-\nPaul, 18.\n", "score": 0.5, "origin": "computer", "checked": false}, {"id": 276, "parent": 275, "type": "LINE", "box": [72, 454, 390, 30], "text": "", "indented": true, "EOL": false}, {"id": 277, "parent": 275, "type": "LINE", "box": [86, 484, 376, 28], "text": "", "indented": false, "EOL": false}, {"id": 278, "parent": 275, "type": "LINE", "box": [86, 512, 376, 28], "text": "", "indented": false, "EOL": false}, {"id": 279, "parent": 275, "type": "LINE", "box": [86, 540, 376, 26], "text": "", "indented": false, "EOL": false}, {"id": 280, "parent": 275, "type": "LINE", "box": [88, 568, 372, 26], "text": "", "indented": false, "EOL": false}, {"id": 281, "parent": 275, "type": "LINE", "box": [88, 596, 374, 28], "text": "", "indented": false, "EOL": false}, {"id": 282, "parent": 275, "type": "LINE", "box": [88, 624, 366, 28], "text": "", "indented": false, "EOL": false}, {"id": 283, "parent": 275, "type": "LINE", "box": [88, 650, 322, 28], "text": "", "indented": false, "EOL": false}, {"id": 275, "parent": 261, "type": "ENTRY", "box": [72, 454, 390, 224], "name": "duclos", "street": "", "street_number": "14", "raw": "Duclos, M, IL. 1849, nouveau sys-\ntème de machimes à vapeur ap.\nplicable à loutes espèces d'indus-\ntries, depuis la force d’un homme\njusqu'à mille chevuux, consom-\nmant en combustible un kilo par\nheure et par force de cheval,\nÉglise du-Gros-Cailioa, 14.*\n", "score": 0.5, "origin": "computer", "checked": false}, {"id": 285, "parent": 284, "type": "LINE", "box": [72, 678, 390, 30], "text": "", "indented": true, "EOL": false}, {"id": 286, "parent": 284, "type": "LINE", "box": [86, 708, 376, 28], "text": "", "indented": false, "EOL": false}, {"id": 287, "parent": 284, "type": "LINE", "box": [86, 736, 376, 26], "text": "", "indented": false, "EOL": false}, {"id": 288, "parent": 284, "type": "LINE", "box": [84, 762, 378, 30], "text": "", "indented": false, "EOL": false}, {"id": 289, "parent": 284, "type": "LINE", "box": [86, 792, 376, 28], "text": "", "indented": false, "EOL": false}, {"id": 290, "parent": 284, "type": "LINE", "box": [84, 820, 378, 26], "text": "", "indented": false, "EOL": false}, {"id": 291, "parent": 284, "type": "LINE", "box": [86, 848, 376, 26], "text": "", "indented": false, "EOL": false}, {"id": 292, "parent": 284, "type": "LINE", "box": [86, 876, 374, 26], "text": "", "indented": false, "EOL": false}, {"id": 284, "parent": 261, "type": "ENTRY", "box": [72, 678, 390, 224], "name": "dufour", "street": "rue Chapon", "street_number": "17", "raw": "Dufour, fabrique perles d'or el\nd’afgent, tiges, rochets pour cles\net cachets Bréguet carrés et or-\ndinaires,  encliquelage et an-\nneaux perles, chemisés pour grou-\npes et breloques carrés; acier\ntrempé en tous genres pour horlo-\ngerie et bijouterie. Chapon, 17. *\n", "score": 1.0, "origin": "computer", "checked": false}, {"id": 294, "parent": 293, "type": "LINE", "box": [74, 904, 388, 28], "text": "", "indented": true, "EOL": false}, {"id": 295, "parent": 293, "type": "LINE", "box": [86, 932, 212, 24], "text": "", "indented": false, "EOL": false}, {"id": 293, "parent": 261, "type": "ENTRY", "box": [74, 904, 388, 52], "name": "dugdale (a.)", "street": "rue de Ponthieu", "street_number": "54", "raw": "Dugdale (A.), fab. de boîtes pa-\ntent, Ponthieu, 54.\n", "score": 1.0, "origin": "computer", "checked": false}, {"id": 297, "parent": 296, "type": "LINE", "box": [72, 958, 348, 28], "text": "", "indented": true, "EOL": false}, {"id": 296, "parent": 261, "type": "ENTRY", "box": [72, 958, 348, 28], "name": "dupaquier", "street": "rue de Montmorency", "street_number": "49", "raw": "Dupaquier, Montmorency , 49.\n", "score": 1.0, "origin": "computer", "checked": false}, {"id": 299, "parent": 298, "type": "LINE", "box": [74, 986, 390, 36], "text": "", "indented": true, "EOL": false}, {"id": 300, "parent": 298, "type": "LINE", "box": [88, 1016, 78, 22], "text": "", "indented": false, "EOL": false}, {"id": 298, "parent": 261, "type": "ENTRY", "box": [74, 986, 390, 52], "name": "dupluvinage", "street": "", "street_number": "48", "raw": "Dupluvinage, @ 1849, Chursen-\nton, 48\n", "score": 0.5, "origin": "computer", "checked": false}, {"id": 302, "parent": 301, "type": "LINE", "box": [74, 1042, 252, 26], "text": "", "indented": true, "EOL": false}, {"id": 301, "parent": 261, "type": "ENTRY", "box": [74, 1042, 252, 26], "name": "duprat", "street": "rue au Maire", "street_number": "17", "raw": "Duprat, Aumaire, 17.\n", "score": 0.8571428571428572, "origin": "computer", "checked": false}, {"id": 304, "parent": 303, "type": "LINE", "box": [72, 1070, 390, 28], "text": "", "indented": true, "EOL": false}, {"id": 305, "parent": 303, "type": "LINE", "box": [86, 1098, 376, 26], "text": "", "indented": false, "EOL": false}, {"id": 306, "parent": 303, "type": "LINE", "box": [86, 1124, 370, 28], "text": "", "indented": false, "EOL": false}, {"id": 307, "parent": 303, "type": "LINE", "box": [86, 1152, 376, 50], "text": "", "indented": false, "EOL": false}, {"id": 303, "parent": 261, "type": "ENTRY", "box": [72, 1070, 390, 132], "name": "durand (quentin) fils", "street": "rue du Faubourg Saint-Martin", "street_number": "98", "raw": "Durand (Quentin) fils, fab. d'instr.\nd'agriculture et d'horticullure, Cie\n1823, M. H. 1827, ® 1834-49,\n@ A.I. 1835, Faub.-St-Martin,\n98. e\n", "score": 1.0, "origin": "computer", "checked": false}, {"id": 309, "parent": 308, "type": "LINE", "box": [72, 1192, 392, 44], "text": "", "indented": true, "EOL": false}, {"id": 310, "parent": 308, "type": "LINE", "box": [86, 1238, 378, 26], "text": "", "indented": false, "EOL": false}, {"id": 311, "parent": 308, "type": "LINE", "box": [86, 1266, 378, 26], "text": "", "indented": false, "EOL": false}, {"id": 312, "parent": 308, "type": "LINE", "box": [86, 1294, 376, 26], "text": "", "indented": false, "EOL": false}, {"id": 313, "parent": 308, "type": "LINE", "box": [86, 1322, 378, 26], "text": "", "indented": false, "EOL": false}, {"id": 314, "parent": 308, "type": "LINE", "box": [86, 1350, 376, 24], "text": "", "indented": false, "EOL": false}, {"id": 315, "parent": 308, "type": "LINE", "box": [90, 1376, 374, 26], "text": "", "indented": false, "EOL": false}, {"id": 316, "parent": 308, "type": "LINE", "box": [86, 1404, 276, 26], "text": "", "indented": false, "EOL": false}, {"id": 308, "parent": 261, "type": "ENTRY", "box": [72, 1192, 392, 238], "name": "vve ? durenne pere # et fls", "street": "", "street_number": "11", "raw": "vve ?\n\nDurenne père # et fls, construc-\nteurs de machines à vapeur à\nhaute et basse pression, chau-\ndières tubulaires de locomotives,\ntenders, baleaux en fer, appa-\nreils divers encuivre, luyaux.etc.,\n® 1839, © 1844, 1849, Aman-\ndiers-Popincourt, 11. *\n", "score": 0.5, "origin": "computer", "checked": false}, {"id": 318, "parent": 317, "type": "LINE", "box": [70, 1432, 390, 28], "text": "", "indented": true, "EOL": false}, {"id": 319, "parent": 317, "type": "LINE", "box": [86, 1460, 376, 20], "text": "", "indented": false, "EOL": false}, {"id": 320, "parent": 317, "type": "LINE", "box": [86, 1488, 378, 26], "text": "", "indented": false, "EOL": false}, {"id": 321, "parent": 317, "type": "LINE", "box": [86, 1518, 370, 24], "text": "", "indented": false, "EOL": false}, {"id": 322, "parent": 317, "type": "LINE", "box": [86, 1544, 376, 26], "text": "", "indented": false, "EOL": false}, {"id": 323, "parent": 317, "type": "LINE", "box": [86, 1572, 378, 24], "text": "", "indented": false, "EOL": false}, {"id": 324, "parent": 317, "type": "LINE", "box": [86, 1600, 376, 26], "text": "", "indented": false, "EOL": false}, {"id": 325, "parent": 317, "type": "LINE", "box": [86, 1630, 378, 24], "text": "", "indented": false, "EOL": false}, {"id": 326, "parent": 317, "type": "LINE", "box": [88, 1656, 356, 24], "text": "", "indented": false, "EOL": false}, {"id": 317, "parent": 261, "type": "ENTRY", "box": [70, 1432, 394, 248], "name": "durondeau et cie", "street": "rue Jean Beausire", "street_number": "9", "raw": "Durondeau et Cie, fabriquent la\nchaîne de Vaucanson de tous nu-\nméros et sur tous paë, en feret en\ncuivre; font aussi la chaîne 3/4.\nRenfendent les engrenages en\ncuivre, en fer et en bois. Font\nles pièces détachées pour la fila-\nture, et tout ce qui concerne\nleur état, Jean-Beausire, 9,\n", "score": 1.0, "origin": "computer", "checked": false}, {"id": 328, "parent": 327, "type": "LINE", "box": [84, 1684, 364, 26], "text": "", "indented": true, "EOL": false}, {"id": 329, "parent": 327, "type": "LINE", "box": [72, 1712, 392, 24], "text": "", "indented": false, "EOL": false}, {"id": 330, "parent": 327, "type": "LINE", "box": [86, 1740, 378, 24], "text": "", "indented": false, "EOL": false}, {"id": 331, "parent": 327, "type": "LINE", "box": [88, 1766, 338, 24], "text": "", "indented": false, "EOL": false}, {"id": 327, "parent": 261, "type": "ENTRY", "box": [72, 1684, 392, 106], "name": "pres la place de la bastille", "street": "avenue de Saxe", "street_number": "60", "raw": "près la place de la Bastille. *\nDutartre, breveté (sans garantie\ndu gouvernem.), &@ 1839, 1844,\n@ 1849. avenue de Saxe, 60.\n", "score": 1.0, "origin": "computer", "checked": false}, {"id": 333, "parent": 332, "type": "LINE", "box": [72, 1796, 390, 26], "text": "", "indented": true, "EOL": false}, {"id": 334, "parent": 332, "type": "LINE", "box": [86, 1824, 376, 24], "text": "", "indented": false, "EOL": false}, {"id": 335, "parent": 332, "type": "LINE", "box": [84, 1852, 378, 20], "text": "", "indented": false, "EOL": false}, {"id": 336, "parent": 332, "type": "LINE", "box": [84, 1880, 378, 24], "text": "", "indented": false, "EOL": false}, {"id": 337, "parent": 332, "type": "LINE", "box": [84, 1908, 378, 24], "text": "", "indented": false, "EOL": false}, {"id": 338, "parent": 332, "type": "LINE", "box": [86, 1934, 376, 26], "text": "", "indented": false, "EOL": false}, {"id": 339, "parent": 332, "type": "LINE", "box": [86, 1962, 376, 26], "text": "", "indented": false, "EOL": false}, {"id": 340, "parent": 332, "type": "LINE", "box": [86, 1990, 376, 26], "text": "", "indented": false, "EOL": false}, {"id": 341, "parent": 332, "type": "LINE", "box": [86, 2018, 374, 26], "text": "", "indented": false, "EOL": false}, {"id": 342, "parent": 332, "type": "LINE", "box": [86, 2046, 376, 20], "text": "", "indented": false, "EOL": false}, {"id": 343, "parent": 332, "type": "LINE", "box": [86, 2074, 376, 20], "text": "", "indented": false, "EOL": false}, {"id": 344, "parent": 332, "type": "LINE", "box": [86, 2102, 376, 26], "text": "", "indented": false, "EOL": false}, {"id": 345, "parent": 332, "type": "LINE", "box": [86, 2130, 372, 26], "text": "", "indented": false, "EOL": false}, {"id": 346, "parent": 332, "type": "LINE", "box": [86, 2158, 376, 26], "text": "", "indented": false, "EOL": false}, {"id": 347, "parent": 332, "type": "LINE", "box": [86, 2186, 100, 24], "text": "", "indented": false, "EOL": false}, {"id": 332, "parent": 261, "type": "ENTRY", "box": [72, 1796, 390, 414], "name": "eioy", "street": "rue du Faubourg Saint-Denis", "street_number": "60", "raw": "Eioy, Vapaille et Cie, construc-\nteurs mécaniciens, atelier de\nconstruction de machines de tou-\ntes sortes; outils, transmission\nde mouvements, pièces déta-\nchées, réparations, etc. Spécia-\nlité, M. Vapaille, ancien ovvrier\nde Monsieur Vielcazal, s'occupe\nparticulièrement de la construc-\ntion et de la mise en etat des\nmachines à eaux de seltz et eaux\ngazeuses ; prix modérés, exacti-\ntude, bonne exécution garantie.\n@ 1849, Faubourg-Saint-De-\nnis, 60. *\n", "score": 0.9761904761904762, "origin": "computer", "checked": false}, {"id": 349, "parent": 348, "type": "LINE", "box": [70, 2212, 390, 24], "text": "", "indented": true, "EOL": false}, {"id": 350, "parent": 348, "type": "LINE", "box": [86, 2240, 376, 28], "text": "", "indented": false, "EOL": false}, {"id": 351, "parent": 348, "type": "LINE", "box": [86, 2268, 374, 24], "text": "", "indented": false, "EOL": false}, {"id": 352, "parent": 348, "type": "LINE", "box": [86, 2296, 374, 20], "text": "", "indented": false, "EOL": false}, {"id": 353, "parent": 348, "type": "LINE", "box": [84, 2324, 376, 26], "text": "", "indented": false, "EOL": false}, {"id": 354, "parent": 348, "type": "LINE", "box": [86, 2352, 374, 26], "text": "", "indented": false, "EOL": false}, {"id": 355, "parent": 348, "type": "LINE", "box": [84, 2380, 376, 26], "text": "", "indented": false, "EOL": false}, {"id": 356, "parent": 348, "type": "LINE", "box": [86, 2408, 374, 26], "text": "", "indented": false, "EOL": false}, {"id": 357, "parent": 348, "type": "LINE", "box": [80, 2436, 374, 26], "text": "", "indented": false, "EOL": false}, {"id": 358, "parent": 348, "type": "LINE", "box": [84, 2464, 376, 24], "text": "", "indented": false, "EOL": false}, {"id": 359, "parent": 348, "type": "LINE", "box": [86, 2492, 222, 24], "text": "", "indented": false, "EOL": false}, {"id": 348, "parent": 261, "type": "ENTRY", "box": [70, 2212, 392, 304], "name": "enaux aine", "street": "rue Saint-Martin", "street_number": "104", "raw": "Enaux aîné , fabric. de moules et\npresses pour les cristallcries et\nverreries, fait aussi les moules à\nsavon et les moules de flacons\npour la parfumerie, la pharmacie\net tout ce qui a rapport à la ver-\nroterie, fait la commission pour\nJa province et l'étranger au plus\njuste prix, St-Martin, 104, pass.\nde la Réunion, 9, ci-devant Quin-\ncampoiæ, 67. * « :\n", "score": 1.0, "origin": "computer", "checked": false}, {"id": 361, "parent": 360, "type": "LINE", "box": [70, 2518, 390, 26], "text": "", "indented": true, "EOL": false}, {"id": 362, "parent": 360, "type": "LINE", "box": [86, 2546, 374, 28], "text": "", "indented": false, "EOL": false}, {"id": 363, "parent": 360, "type": "LINE", "box": [84, 2574, 376, 28], "text": "", "indented": false, "EOL": false}, {"id": 364, "parent": 360, "type": "LINE", "box": [82, 2602, 376, 28], "text": "", "indented": false, "EOL": false}, {"id": 365, "parent": 360, "type": "LINE", "box": [84, 2630, 374, 26], "text": "", "indented": false, "EOL": false}, {"id": 366, "parent": 360, "type": "LINE", "box": [84, 2658, 374, 26], "text": "", "indented": false, "EOL": false}, {"id": 367, "parent": 360, "type": "LINE", "box": [82, 2686, 378, 26], "text": "", "indented": false, "EOL": false}, {"id": 368, "parent": 360, "type": "LINE", "box": [84, 2714, 374, 26], "text": "", "indented": false, "EOL": false}, {"id": 369, "parent": 360, "type": "LINE", "box": [84, 2742, 368, 26], "text": "", "indented": false, "EOL": false}, {"id": 370, "parent": 360, "type": "LINE", "box": [82, 2768, 376, 26], "text": "", "indented": false, "EOL": false}, {"id": 360, "parent": 261, "type": "ENTRY", "box": [70, 2518, 390, 276], "name": "enfer", "street": "", "street_number": "", "raw": "Enfer, mécanicien, exposition de\n1844 pour ses soufflets de forges\net forges volantes , dont le bois\nest remplacé par le fer et la fon-\nte, idem pour ses lampes d’é-\nmailleurs, fabrique de nouveaux\nsoufflets à piston sans frotte-\nment ; idem soufflets ancien sys-\nième, avec des perfectionnem,\nremarquables; nouveaux ventila-\n", "score": 0.0, "origin": "computer", "checked": false}, {"id": 261, "parent": 260, "type": "COLUMN_LEVEL_2", "box": [70, 202, 400, 2596]}, {"id": 260, "parent": 259, "type": "SECTION_LEVEL_2", "box": [70, 202, 400, 2596]}, {"id": 259, "parent": 258, "type": "COLUMN_LEVEL_1", "box": [70, 202, 400, 2596]}, {"id": 375, "parent": 374, "type": "LINE", "box": [518, 202, 366, 32], "text": "", "indented": false, "EOL": false}, {"id": 376, "parent": 374, "type": "LINE", "box": [520, 234, 372, 30], "text": "", "indented": false, "EOL": false}, {"id": 377, "parent": 374, "type": "LINE", "box": [520, 264, 280, 26], "text": "", "indented": false, "EOL": false}, {"id": 374, "parent": 373, "type": "ENTRY", "box": [518, 202, 374, 88], "name": "teuy a manivelle mobile", "street": "rue de Malte", "street_number": "", "raw": "teuÿ à manivelle mobile, Malte,\n328 33. (Pour plus amples dé-\ntail, voyez SOUFFLETS. )\n", "score": 0.5, "origin": "computer", "checked": false}, {"id": 379, "parent": 378, "type": "LINE", "box": [504, 292, 386, 26], "text": "", "indented": true, "EOL": false}, {"id": 380, "parent": 378, "type": "LINE", "box": [518, 320, 300, 26], "text": "", "indented": false, "EOL": false}, {"id": 378, "parent": 373, "type": "ENTRY", "box": [504, 292, 386, 54], "name": "eng aine", "street": "", "street_number": "134", "raw": "Eng aine, mecanicien pour pia-\nnd% Faub.-St-Martin, 134.\n", "score": 0.5, "origin": "computer", "checked": false}, {"id": 382, "parent": 381, "type": "LINE", "box": [504, 348, 380, 26], "text": "", "indented": true, "EOL": false}, {"id": 381, "parent": 373, "type": "ENTRY", "box": [504, 348, 380, 26], "name": "face", "street": "", "street_number": "", "raw": "Face, Enfer-St-Michel, G4 bis,\n", "score": 0.0, "origin": "computer", "checked": false}, {"id": 384, "parent": 383, "type": "LINE", "box": [504, 376, 384, 24], "text": "", "indented": true, "EOL": false}, {"id": 385, "parent": 383, "type": "LINE", "box": [494, 402, 390, 30], "text": "", "indented": false, "EOL": false}, {"id": 386, "parent": 383, "type": "LINE", "box": [500, 432, 390, 84], "text": "", "indented": false, "EOL": false}, {"id": 387, "parent": 383, "type": "LINE", "box": [518, 516, 372, 26], "text": "", "indented": false, "EOL": false}, {"id": 388, "parent": 383, "type": "LINE", "box": [520, 542, 370, 26], "text": "", "indented": false, "EOL": false}, {"id": 389, "parent": 383, "type": "LINE", "box": [516, 570, 374, 28], "text": "", "indented": false, "EOL": false}, {"id": 390, "parent": 383, "type": "LINE", "box": [518, 598, 372, 26], "text": "", "indented": false, "EOL": false}, {"id": 391, "parent": 383, "type": "LINE", "box": [518, 628, 372, 24], "text": "", "indented": false, "EOL": false}, {"id": 392, "parent": 383, "type": "LINE", "box": [518, 654, 372, 26], "text": "", "indented": false, "EOL": false}, {"id": 393, "parent": 383, "type": "LINE", "box": [518, 682, 374, 26], "text": "", "indented": false, "EOL": false}, {"id": 394, "parent": 383, "type": "LINE", "box": [518, 710, 372, 26], "text": "", "indented": false, "EOL": false}, {"id": 395, "parent": 383, "type": "LINE", "box": [520, 740, 166, 18], "text": "", "indented": false, "EOL": false}, {"id": 383, "parent": 373, "type": "ENTRY", "box": [494, 376, 398, 382], "name": "l'a zwoll", "street": "rue du Faubourg Saint-Martin", "street_number": "", "raw": "l'a Zwoll,, © À. L 1858, ®\n\nj 9, 1844, Faub.-St-Martin,\n\n: 1827, @ 1834-\n\n1844 et 1849, grandpriz\n\nsociété d'encouragement en\n\n1 pour l'économie du combus-\n\ntibfdans les machines à vapeur ;\n\ngénérateurs à chauffage par gra-\n\ndation, roues hydrauliques, mou-\n\nlins à blé, à tan à huile, maté-\n\nriel de chemin de fer; bureaux\n\nFontaine-St-Georges, 34; ateliers,\nPort-St-Ouvuen.\n", "score": 0.5, "origin": "computer", "checked": false}, {"id": 397, "parent": 396, "type": "LINE", "box": [506, 766, 296, 24], "text": "", "indented": true, "EOL": false}, {"id": 396, "parent": 373, "type": "ENTRY", "box": [506, 766, 296, 24], "name": "fauchet", "street": "rue Saint-Antoine", "street_number": "192", "raw": "Fauchet, St-Antoine, 192.\n", "score": 1.0, "origin": "computer", "checked": false}, {"id": 399, "parent": 398, "type": "LINE", "box": [506, 794, 384, 26], "text": "", "indented": true, "EOL": false}, {"id": 400, "parent": 398, "type": "LINE", "box": [518, 822, 372, 26], "text": "", "indented": false, "EOL": false}, {"id": 401, "parent": 398, "type": "LINE", "box": [518, 852, 372, 24], "text": "", "indented": false, "EOL": false}, {"id": 402, "parent": 398, "type": "LINE", "box": [518, 878, 372, 26], "text": "", "indented": false, "EOL": false}, {"id": 403, "parent": 398, "type": "LINE", "box": [518, 906, 372, 26], "text": "", "indented": false, "EOL": false}, {"id": 404, "parent": 398, "type": "LINE", "box": [518, 936, 372, 24], "text": "", "indented": false, "EOL": false}, {"id": 405, "parent": 398, "type": "LINE", "box": [516, 962, 374, 26], "text": "", "indented": false, "EOL": false}, {"id": 406, "parent": 398, "type": "LINE", "box": [518, 990, 372, 26], "text": "", "indented": false, "EOL": false}, {"id": 407, "parent": 398, "type": "LINE", "box": [518, 1018, 372, 26], "text": "", "indented": false, "EOL": false}, {"id": 408, "parent": 398, "type": "LINE", "box": [518, 1046, 130, 24], "text": "", "indented": false, "EOL": false}, {"id": 398, "parent": 373, "type": "ENTRY", "box": [506, 794, 384, 276], "name": "feldtrappe freres", "street": "rue du Faubourg Saint-Denis", "street_number": "144", "raw": "Feldtrappe frères, @ 1834-59-\n44, inventeurs breveiés (sans ga-\nrant. du gouvernem.), pour une\nmachine à graver, canneler les\ncylindres pour impressions, gra-\nveurs de cylindres en ious genres\npour l'impression des étofies de\nlaine, coton, gaufrage, papiers\npeints el de fantaisie, Faub.-St-\nDenis, 144.\n", "score": 1.0, "origin": "computer", "checked": false}, {"id": 410, "parent": 409, "type": "LINE", "box": [504, 1074, 386, 26], "text": "", "indented": true, "EOL": false}, {"id": 411, "parent": 409, "type": "LINE", "box": [518, 1102, 370, 26], "text": "", "indented": false, "EOL": false}, {"id": 412, "parent": 409, "type": "LINE", "box": [520, 1130, 92, 22], "text": "", "indented": false, "EOL": false}, {"id": 409, "parent": 373, "type": "ENTRY", "box": [504, 1074, 386, 78], "name": "fellme", "street": "rue du Vertbois", "street_number": "39", "raw": "Fellme, fabr. speciale de moutes\npour la polerie d'étain, Vert-\nbois, 39.\n", "score": 0.9444444444444444, "origin": "computer", "checked": false}, {"id": 414, "parent": 413, "type": "LINE", "box": [506, 1156, 382, 26], "text": "", "indented": true, "EOL": false}, {"id": 415, "parent": 413, "type": "LINE", "box": [520, 1186, 368, 24], "text": "", "indented": false, "EOL": false}, {"id": 416, "parent": 413, "type": "LINE", "box": [520, 1212, 362, 26], "text": "", "indented": false, "EOL": false}, {"id": 417, "parent": 413, "type": "LINE", "box": [520, 1240, 370, 26], "text": "", "indented": false, "EOL": false}, {"id": 418, "parent": 413, "type": "LINE", "box": [520, 1268, 370, 22], "text": "", "indented": false, "EOL": false}, {"id": 419, "parent": 413, "type": "LINE", "box": [520, 1294, 370, 22], "text": "", "indented": false, "EOL": false}, {"id": 420, "parent": 413, "type": "LINE", "box": [520, 1324, 362, 24], "text": "", "indented": false, "EOL": false}, {"id": 421, "parent": 413, "type": "LINE", "box": [520, 1352, 372, 24], "text": "", "indented": false, "EOL": false}, {"id": 422, "parent": 413, "type": "LINE", "box": [520, 1378, 370, 28], "text": "", "indented": false, "EOL": false}, {"id": 423, "parent": 413, "type": "LINE", "box": [518, 1406, 374, 26], "text": "", "indented": false, "EOL": false}, {"id": 424, "parent": 413, "type": "LINE", "box": [520, 1434, 370, 26], "text": "", "indented": false, "EOL": false}, {"id": 425, "parent": 413, "type": "LINE", "box": [520, 1462, 370, 26], "text": "", "indented": false, "EOL": false}, {"id": 426, "parent": 413, "type": "LINE", "box": [520, 1490, 370, 26], "text": "", "indented": false, "EOL": false}, {"id": 427, "parent": 413, "type": "LINE", "box": [518, 1518, 372, 26], "text": "", "indented": false, "EOL": false}, {"id": 428, "parent": 413, "type": "LINE", "box": [518, 1546, 232, 26], "text": "", "indented": false, "EOL": false}, {"id": 413, "parent": 373, "type": "ENTRY", "box": [506, 1156, 386, 416], "name": "ferry", "street": "rue Saint-Jacques", "street_number": "29", "raw": "Ferry, tourneur (ancienne maison\nPernet), fabrique toutes sortes\nde presses, vis en fer et en bois,\npresses à percussion ce qu'il y a\nde mieux confectionné; fuit et\nfournit tous les outils concernant\nla reliure, papeterie, satinuge,\ntaille-douce , presses pour re-\nlieurs, cylind.en gaïac de toutes\ndimensions, presses pour les li-\nquides et les étoffes, fait les ré-\nparations ; fait les envois en pro-\nvince, le tout à juste prix ; ex-\npédie en province et à l'étran-\nger, St-Jacques, 29.\n", "score": 1.0, "origin": "computer", "checked": false}, {"id": 430, "parent": 429, "type": "LINE", "box": [506, 1572, 384, 28], "text": "", "indented": true, "EOL": false}, {"id": 431, "parent": 429, "type": "LINE", "box": [518, 1600, 368, 20], "text": "", "indented": false, "EOL": false}, {"id": 432, "parent": 429, "type": "LINE", "box": [520, 1628, 370, 26], "text": "", "indented": false, "EOL": false}, {"id": 433, "parent": 429, "type": "LINE", "box": [518, 1656, 372, 26], "text": "", "indented": false, "EOL": false}, {"id": 434, "parent": 429, "type": "LINE", "box": [518, 1684, 372, 26], "text": "", "indented": false, "EOL": false}, {"id": 435, "parent": 429, "type": "LINE", "box": [518, 1712, 364, 26], "text": "", "indented": false, "EOL": false}, {"id": 436, "parent": 429, "type": "LINE", "box": [518, 1740, 372, 26], "text": "", "indented": false, "EOL": false}, {"id": 437, "parent": 429, "type": "LINE", "box": [518, 1768, 364, 26], "text": "", "indented": false, "EOL": false}, {"id": 438, "parent": 429, "type": "LINE", "box": [518, 1794, 370, 24], "text": "", "indented": false, "EOL": false}, {"id": 439, "parent": 429, "type": "LINE", "box": [518, 1822, 372, 22], "text": "", "indented": false, "EOL": false}, {"id": 440, "parent": 429, "type": "LINE", "box": [516, 1850, 364, 26], "text": "", "indented": false, "EOL": false}, {"id": 441, "parent": 429, "type": "LINE", "box": [516, 1878, 344, 22], "text": "", "indented": false, "EOL": false}, {"id": 429, "parent": 373, "type": "ENTRY", "box": [506, 1572, 384, 328], "name": "feuillatre", "street": "rue Croix des Petits Champs", "street_number": "35", "raw": "Feuillatre, fabr. de garde-robes\nmobiles el immobiles inodores ,\nbreveté de 1846 (sans garantie du\ngouvern.) pour un nouveau syslé-\nme de robinet appliqué à l'appa-\nreil garde-robe mobile inodore,\nléquel robinet supprime à la fois\net i'engrenage el l'excentrique,\ndonne encore le double avantage\nde retirer ledit robinet sans dé-\nmonter le siège; ® 1839, 1844;\nCroix-des-Petits-Chamos, 35.\n", "score": 0.9782608695652174, "origin": "computer", "checked": false}, {"id": 443, "parent": 442, "type": "LINE", "box": [504, 1906, 378, 48], "text": "", "indented": true, "EOL": false}, {"id": 442, "parent": 373, "type": "ENTRY", "box": [504, 1906, 378, 48], "name": "fichet (a)", "street": "rue de Richelieu", "street_number": "", "raw": "Fichet (A), ® 1844-19,Richelieu,\nA\n", "score": 0.5, "origin": "computer", "checked": false}, {"id": 445, "parent": 444, "type": "LINE", "box": [506, 1962, 384, 26], "text": "", "indented": true, "EOL": false}, {"id": 446, "parent": 444, "type": "LINE", "box": [516, 1990, 374, 24], "text": "", "indented": false, "EOL": false}, {"id": 447, "parent": 444, "type": "LINE", "box": [516, 2018, 372, 26], "text": "", "indented": false, "EOL": false}, {"id": 448, "parent": 444, "type": "LINE", "box": [516, 2046, 372, 26], "text": "", "indented": false, "EOL": false}, {"id": 449, "parent": 444, "type": "LINE", "box": [516, 2074, 374, 24], "text": "", "indented": false, "EOL": false}, {"id": 450, "parent": 444, "type": "LINE", "box": [516, 2102, 374, 24], "text": "", "indented": false, "EOL": false}, {"id": 451, "parent": 444, "type": "LINE", "box": [518, 2128, 372, 26], "text": "", "indented": false, "EOL": false}, {"id": 452, "parent": 444, "type": "LINE", "box": [516, 2156, 366, 26], "text": "", "indented": false, "EOL": false}, {"id": 453, "parent": 444, "type": "LINE", "box": [518, 2184, 322, 26], "text": "", "indented": false, "EOL": false}, {"id": 444, "parent": 373, "type": "ENTRY", "box": [506, 1962, 384, 248], "name": "flaud et cie", "street": "rue Jean Goujon", "street_number": "27", "raw": "Flaud et Cie, ingémeurs-mecan-\nciens, constructeurs de pompes à\nincendie, fournisseurs du corps\ndes sapeurs-pompiers de Paris,\ndes ministères de la querre, de la\nmarine, de l'intérieur, des affai-\nres étrangères el des principaux\nchemins de fer, M. H. 1844,\n® 1849, Jean-Goujon, 27. *\n", "score": 1.0, "origin": "computer", "checked": false}, {"id": 455, "parent": 454, "type": "LINE", "box": [502, 2212, 352, 24], "text": "", "indented": true, "EOL": false}, {"id": 454, "parent": 373, "type": "ENTRY", "box": [502, 2212, 352, 24], "name": "fleuriet", "street": "rue de la Pierre Levée", "street_number": "", "raw": "Fleuriet, lPierre-Levee, 10 Gzs.\n", "score": 0.46153846153846156, "origin": "computer", "checked": false}, {"id": 457, "parent": 456, "type": "LINE", "box": [502, 2240, 266, 26], "text": "", "indented": true, "EOL": false}, {"id": 456, "parent": 373, "type": "ENTRY", "box": [502, 2240, 266, 26], "name": "fontaine", "street": "rue Serpente", "street_number": "16", "raw": "Fontaine, Serpente, 16.\n", "score": 1.0, "origin": "computer", "checked": false}, {"id": 459, "parent": 458, "type": "LINE", "box": [502, 2268, 388, 26], "text": "", "indented": true, "EOL": false}, {"id": 460, "parent": 458, "type": "LINE", "box": [516, 2296, 372, 26], "text": "", "indented": false, "EOL": false}, {"id": 461, "parent": 458, "type": "LINE", "box": [514, 2324, 376, 26], "text": "", "indented": false, "EOL": false}, {"id": 462, "parent": 458, "type": "LINE", "box": [516, 2352, 204, 22], "text": "", "indented": false, "EOL": false}, {"id": 458, "parent": 373, "type": "ENTRY", "box": [502, 2268, 388, 106], "name": "fontaine", "street": "rue Rambuteau", "street_number": "10", "raw": "Fontaine, 2nventeur et fubricant\n\nde marques à ressort pour le jeu\nde piquet, Rambuteau, 10, pas-\nsage Ste-A voie, 4.\n", "score": 1.0, "origin": "computer", "checked": false}, {"id": 464, "parent": 463, "type": "LINE", "box": [502, 2380, 386, 24], "text": "", "indented": true, "EOL": false}, {"id": 465, "parent": 463, "type": "LINE", "box": [516, 2408, 372, 24], "text": "", "indented": false, "EOL": false}, {"id": 466, "parent": 463, "type": "LINE", "box": [516, 2434, 370, 26], "text": "", "indented": false, "EOL": false}, {"id": 467, "parent": 463, "type": "LINE", "box": [514, 2462, 262, 26], "text": "", "indented": false, "EOL": false}, {"id": 463, "parent": 373, "type": "ENTRY", "box": [502, 2380, 386, 108], "name": "loubert", "street": "rue Vieille du Temple", "street_number": "88", "raw": "loubert, fab. de tableaux mou-\nvants pour MM. les dentistes,\nfait et fournit les rateliers,\nVicilte-du-Temple, 88.\n", "score": 0.9411764705882353, "origin": "computer", "checked": false}, {"id": 469, "parent": 468, "type": "LINE", "box": [500, 2490, 388, 26], "text": "", "indented": true, "EOL": false}, {"id": 470, "parent": 468, "type": "LINE", "box": [514, 2518, 372, 48], "text": "", "indented": false, "EOL": false}, {"id": 468, "parent": 373, "type": "ENTRY", "box": [500, 2490, 388, 76], "name": "foucanlt", "street": "rue de Charenton", "street_number": "28", "raw": "Foucanlt, machine à. ecrire pour\nles aveugles, Q 1849, Charenton,\n28.\n", "score": 1.0, "origin": "computer", "checked": false}, {"id": 472, "parent": 471, "type": "LINE", "box": [500, 2574, 388, 24], "text": "", "indented": true, "EOL": false}, {"id": 473, "parent": 471, "type": "LINE", "box": [514, 2602, 374, 24], "text": "", "indented": false, "EOL": false}, {"id": 474, "parent": 471, "type": "LINE", "box": [514, 2630, 372, 26], "text": "", "indented": false, "EOL": false}, {"id": 475, "parent": 471, "type": "LINE", "box": [512, 2656, 374, 26], "text": "", "indented": false, "EOL": false}, {"id": 476, "parent": 471, "type": "LINE", "box": [512, 2684, 372, 26], "text": "", "indented": false, "EOL": false}, {"id": 477, "parent": 471, "type": "LINE", "box": [514, 2712, 372, 26], "text": "", "indented": false, "EOL": false}, {"id": 478, "parent": 471, "type": "LINE", "box": [512, 2740, 366, 26], "text": "", "indented": false, "EOL": false}, {"id": 479, "parent": 471, "type": "LINE", "box": [512, 2768, 372, 26], "text": "", "indented": false, "EOL": false}, {"id": 471, "parent": 373, "type": "ENTRY", "box": [500, 2574, 388, 220], "name": "foucher", "street": "", "street_number": "", "raw": "Foucher, fabricant de chaussons\nde tresses, inventeur d’une pe-\ntite mécanique pour les confec—\ntionner, abrégeant le travail des\nquatre cinquièmes, c'est-à-dire\nfaisant cinq paires de chaussons\ncontre ung par l’ancien système;\npar la même mécanique il fa-\n", "score": 0.0, "origin": "computer", "checked": false}, {"id": 373, "parent": 372, "type": "COLUMN_LEVEL_2", "box": [494, 202, 404, 2596]}, {"id": 372, "parent": 371, "type": "SECTION_LEVEL_2", "box": [494, 202, 404, 2596]}, {"id": 371, "parent": 258, "type": "COLUMN_LEVEL_1", "box": [494, 202, 404, 2596]}, {"id": 484, "parent": 483, "type": "LINE", "box": [946, 210, 372, 30], "text": "", "indented": false, "EOL": false}, {"id": 485, "parent": 483, "type": "LINE", "box": [946, 238, 374, 26], "text": "", "indented": false, "EOL": false}, {"id": 486, "parent": 483, "type": "LINE", "box": [946, 266, 374, 28], "text": "", "indented": false, "EOL": false}, {"id": 487, "parent": 483, "type": "LINE", "box": [946, 294, 374, 22], "text": "", "indented": false, "EOL": false}, {"id": 488, "parent": 483, "type": "LINE", "box": [946, 322, 374, 26], "text": "", "indented": false, "EOL": false}, {"id": 489, "parent": 483, "type": "LINE", "box": [944, 350, 376, 26], "text": "", "indented": false, "EOL": false}, {"id": 490, "parent": 483, "type": "LINE", "box": [946, 378, 174, 22], "text": "", "indented": false, "EOL": false}, {"id": 483, "parent": 482, "type": "ENTRY", "box": [944, 210, 376, 190], "name": "brique des chaussons a boutons imitant parfaitement le sou'ier et la bottinc", "street": "", "street_number": "8", "raw": "brique des chaussons à boutons\nimitant parfaitement le sou'ier et\nla bottinc. Prix de la mécanique\n100 :t 135 francs ( brevet de\n15 ans s. g. du g.), médaille\nà l'exposition de 1819. Salle-\nau-Comte. 8. *\n", "score": 0.5, "origin": "computer", "checked": false}, {"id": 492, "parent": 491, "type": "LINE", "box": [932, 406, 384, 24], "text": "", "indented": true, "EOL": false}, {"id": 493, "parent": 491, "type": "LINE", "box": [944, 434, 378, 26], "text": "", "indented": false, "EOL": false}, {"id": 494, "parent": 491, "type": "LINE", "box": [946, 462, 374, 26], "text": "", "indented": false, "EOL": false}, {"id": 495, "parent": 491, "type": "LINE", "box": [946, 490, 376, 26], "text": "", "indented": false, "EOL": false}, {"id": 496, "parent": 491, "type": "LINE", "box": [946, 518, 376, 26], "text": "", "indented": false, "EOL": false}, {"id": 497, "parent": 491, "type": "LINE", "box": [946, 546, 374, 26], "text": "", "indented": false, "EOL": false}, {"id": 498, "parent": 491, "type": "LINE", "box": [946, 574, 376, 24], "text": "", "indented": false, "EOL": false}, {"id": 499, "parent": 491, "type": "LINE", "box": [946, 600, 376, 26], "text": "", "indented": false, "EOL": false}, {"id": 500, "parent": 491, "type": "LINE", "box": [948, 630, 368, 26], "text": "", "indented": false, "EOL": false}, {"id": 501, "parent": 491, "type": "LINE", "box": [948, 658, 376, 22], "text": "", "indented": false, "EOL": false}, {"id": 502, "parent": 491, "type": "LINE", "box": [946, 684, 202, 26], "text": "", "indented": false, "EOL": false}, {"id": 491, "parent": 482, "type": "ENTRY", "box": [932, 406, 392, 304], "name": "foucherot", "street": "", "street_number": "3", "raw": "Foucherot, Buudeuu et Garnier,\nfabricants d'emporte-pièces en\ntous genres pour équipement mi-\nlitaire, enveloppes de lettres ét\nallumettes chimiques, bretelles ,\nsellerie, cartonnage, portefeuil-\nles, socques et semelles de sou-\nliers, brides à sabots,cadres au\ndaguerréotype, Saint-Marconl],\n3, aboutissant r, Nationa e-Saint-\nMartin et Bailly.*\n", "score": 0.5, "origin": "computer", "checked": false}, {"id": 504, "parent": 503, "type": "LINE", "box": [934, 712, 386, 26], "text": "", "indented": true, "EOL": false}, {"id": 505, "parent": 503, "type": "LINE", "box": [946, 740, 376, 26], "text": "", "indented": false, "EOL": false}, {"id": 506, "parent": 503, "type": "LINE", "box": [946, 770, 376, 24], "text": "", "indented": false, "EOL": false}, {"id": 507, "parent": 503, "type": "LINE", "box": [948, 796, 374, 26], "text": "", "indented": false, "EOL": false}, {"id": 508, "parent": 503, "type": "LINE", "box": [946, 824, 376, 26], "text": "", "indented": false, "EOL": false}, {"id": 509, "parent": 503, "type": "LINE", "box": [944, 852, 370, 26], "text": "", "indented": false, "EOL": false}, {"id": 510, "parent": 503, "type": "LINE", "box": [946, 880, 376, 26], "text": "", "indented": false, "EOL": false}, {"id": 511, "parent": 503, "type": "LINE", "box": [946, 908, 376, 26], "text": "", "indented": false, "EOL": false}, {"id": 512, "parent": 503, "type": "LINE", "box": [946, 936, 376, 26], "text": "", "indented": false, "EOL": false}, {"id": 513, "parent": 503, "type": "LINE", "box": [946, 964, 376, 26], "text": "", "indented": false, "EOL": false}, {"id": 514, "parent": 503, "type": "LINE", "box": [946, 992, 376, 24], "text": "", "indented": false, "EOL": false}, {"id": 515, "parent": 503, "type": "LINE", "box": [946, 1020, 378, 24], "text": "", "indented": false, "EOL": false}, {"id": 516, "parent": 503, "type": "LINE", "box": [946, 1048, 376, 24], "text": "", "indented": false, "EOL": false}, {"id": 517, "parent": 503, "type": "LINE", "box": [944, 1074, 370, 26], "text": "", "indented": false, "EOL": false}, {"id": 518, "parent": 503, "type": "LINE", "box": [946, 1104, 272, 24], "text": "", "indented": false, "EOL": false}, {"id": 503, "parent": 482, "type": "ENTRY", "box": [934, 712, 390, 416], "name": "foucher", "street": "petite rue taranne", "street_number": "5", "raw": "Foucher, mécanicien pour la fon-\n\nderie en caractères, fabrique\nmoules vrdinaires à ponts et com-\nbinés, à blocs, à garnitures, à\nrégleltes et à interlignes, moules\npour la sléréotypie uu pldtre,\ncoupoirs el rabols, moutons, typ9-\nmèires, rogne-interlignes droits\net anglés, nouveau sysième de\nrognes avec division dentée par\nlongueur de six points, nouvelle\nmachine en fonte remplaçant avec\navantage le tour à baisser les\nclichés, machines à créner, etc. ,\npetite rue Taranne, 5. *\n", "score": 0.75, "origin": "computer", "checked": false}, {"id": 520, "parent": 519, "type": "LINE", "box": [932, 1130, 390, 26], "text": "", "indented": true, "EOL": false}, {"id": 521, "parent": 519, "type": "LINE", "box": [946, 1158, 374, 24], "text": "", "indented": false, "EOL": false}, {"id": 522, "parent": 519, "type": "LINE", "box": [948, 1186, 66, 20], "text": "", "indented": false, "EOL": false}, {"id": 519, "parent": 482, "type": "ENTRY", "box": [932, 1130, 390, 76], "name": "louju", "street": "place des Vosges", "street_number": "6", "raw": "louju, pl. des Vosges, 6, appareils\ndivers, dits concentrateurs cafe-\ntières.\n", "score": 1.0, "origin": "computer", "checked": false}, {"id": 524, "parent": 523, "type": "LINE", "box": [932, 1214, 388, 26], "text": "", "indented": true, "EOL": false}, {"id": 525, "parent": 523, "type": "LINE", "box": [946, 1242, 376, 26], "text": "", "indented": false, "EOL": false}, {"id": 526, "parent": 523, "type": "LINE", "box": [946, 1270, 376, 24], "text": "", "indented": false, "EOL": false}, {"id": 527, "parent": 523, "type": "LINE", "box": [946, 1298, 376, 26], "text": "", "indented": false, "EOL": false}, {"id": 528, "parent": 523, "type": "LINE", "box": [944, 1326, 378, 22], "text": "", "indented": false, "EOL": false}, {"id": 529, "parent": 523, "type": "LINE", "box": [946, 1352, 378, 26], "text": "", "indented": false, "EOL": false}, {"id": 530, "parent": 523, "type": "LINE", "box": [948, 1380, 374, 28], "text": "", "indented": false, "EOL": false}, {"id": 531, "parent": 523, "type": "LINE", "box": [948, 1408, 374, 26], "text": "", "indented": false, "EOL": false}, {"id": 532, "parent": 523, "type": "LINE", "box": [948, 1436, 374, 24], "text": "", "indented": false, "EOL": false}, {"id": 533, "parent": 523, "type": "LINE", "box": [948, 1464, 376, 48], "text": "", "indented": false, "EOL": false}, {"id": 523, "parent": 482, "type": "ENTRY", "box": [932, 1214, 392, 298], "name": "fournaise", "street": "rue du Temple", "street_number": "", "raw": "Fournaise, mécanicien, fabrique\nd'instruments d'optique de toute\nespèce, principalement les lunettes\nà lirage et a pieds, équerres d'ar-\npenieur, niveaux d'eau en cuivre,\nchambres noires à prisme et da-\nguerréolypes, appareils pour\nbains, douches de vapeurs et fu-\nmigations. raccords, robinets et\nobjets pour le gaz, Temple, 30 et\n32 *\n", "score": 0.5, "origin": "computer", "checked": false}, {"id": 535, "parent": 534, "type": "LINE", "box": [934, 1518, 388, 26], "text": "", "indented": true, "EOL": false}, {"id": 536, "parent": 534, "type": "LINE", "box": [946, 1546, 370, 26], "text": "", "indented": false, "EOL": false}, {"id": 537, "parent": 534, "type": "LINE", "box": [948, 1574, 176, 26], "text": "", "indented": false, "EOL": false}, {"id": 534, "parent": 482, "type": "ENTRY", "box": [934, 1518, 388, 82], "name": "fourneyron #", "street": "rue Saint-Georges", "street_number": "52", "raw": "Fourneyron #, moteur hydraul.,\nturbines Fourneyron; @ 1839 ;\nSt-Georges, 52.\n", "score": 1.0, "origin": "computer", "checked": false}, {"id": 539, "parent": 538, "type": "LINE", "box": [934, 1602, 388, 22], "text": "", "indented": true, "EOL": false}, {"id": 540, "parent": 538, "type": "LINE", "box": [946, 1630, 378, 26], "text": "", "indented": false, "EOL": false}, {"id": 541, "parent": 538, "type": "LINE", "box": [946, 1658, 378, 26], "text": "", "indented": false, "EOL": false}, {"id": 542, "parent": 538, "type": "LINE", "box": [946, 1686, 378, 22], "text": "", "indented": false, "EOL": false}, {"id": 543, "parent": 538, "type": "LINE", "box": [946, 1714, 376, 26], "text": "", "indented": false, "EOL": false}, {"id": 544, "parent": 538, "type": "LINE", "box": [946, 1742, 376, 26], "text": "", "indented": false, "EOL": false}, {"id": 545, "parent": 538, "type": "LINE", "box": [946, 1770, 378, 24], "text": "", "indented": false, "EOL": false}, {"id": 546, "parent": 538, "type": "LINE", "box": [946, 1798, 368, 46], "text": "", "indented": false, "EOL": false}, {"id": 538, "parent": 482, "type": "ENTRY", "box": [934, 1602, 390, 242], "name": "fraisse", "street": "rue de la Fontaine au Roi", "street_number": "96", "raw": "Fraisse, confertion de métiers à\nla barreet à la poignée, battants\nsimples, battants brocheurs à 2\net 3 navettes et même d’un nom-\nbre indéterminé, lissages simples\net expédiés, cannetières pour\npassementiers, cordes d’ar-\ncades, etc., Fontaine-au-Roi,\n96.\n", "score": 1.0, "origin": "computer", "checked": false}, {"id": 548, "parent": 547, "type": "LINE", "box": [932, 1852, 276, 26], "text": "", "indented": true, "EOL": false}, {"id": 547, "parent": 482, "type": "ENTRY", "box": [932, 1852, 276, 26], "name": "franchot", "street": "rue de la Banque", "street_number": "30", "raw": "Franchot, Banquet, 30.\n", "score": 0.9285714285714286, "origin": "computer", "checked": false}, {"id": 550, "parent": 549, "type": "LINE", "box": [934, 1880, 336, 26], "text": "", "indented": true, "EOL": false}, {"id": 549, "parent": 482, "type": "ENTRY", "box": [934, 1880, 336, 26], "name": "frapie", "street": "rue Saint-Romain", "street_number": "15,17", "raw": "Frapié, St-Romain, 15 et 17.\n", "score": 1.0, "origin": "computer", "checked": false}, {"id": 552, "parent": 551, "type": "LINE", "box": [932, 1908, 390, 26], "text": "", "indented": true, "EOL": false}, {"id": 553, "parent": 551, "type": "LINE", "box": [948, 1936, 300, 26], "text": "", "indented": false, "EOL": false}, {"id": 551, "parent": 482, "type": "ENTRY", "box": [932, 1908, 390, 54], "name": "frappier", "street": "rue du Grenier Saint-Lazare", "street_number": "7", "raw": "Frappier, fab. d'outils à decou-\nper, Grenier-St-Lazare, 7.\n", "score": 1.0, "origin": "computer", "checked": false}, {"id": 555, "parent": 554, "type": "LINE", "box": [932, 1964, 390, 26], "text": "", "indented": true, "EOL": false}, {"id": 556, "parent": 554, "type": "LINE", "box": [946, 1992, 374, 26], "text": "", "indented": false, "EOL": false}, {"id": 557, "parent": 554, "type": "LINE", "box": [946, 2020, 376, 26], "text": "", "indented": false, "EOL": false}, {"id": 558, "parent": 554, "type": "LINE", "box": [948, 2048, 374, 24], "text": "", "indented": false, "EOL": false}, {"id": 559, "parent": 554, "type": "LINE", "box": [944, 2076, 376, 22], "text": "", "indented": false, "EOL": false}, {"id": 560, "parent": 554, "type": "LINE", "box": [946, 2104, 376, 24], "text": "", "indented": false, "EOL": false}, {"id": 561, "parent": 554, "type": "LINE", "box": [946, 2132, 114, 18], "text": "", "indented": false, "EOL": false}, {"id": 554, "parent": 482, "type": "ENTRY", "box": [932, 1964, 390, 186], "name": "frey fils", "street": "impasse saint laurent", "street_number": "", "raw": "Frey fils, machines à vapeur, ma-\nchines à clous d'épingles, ma-\nchines à béquets et à rivets, tré-\nfileries, pompes à eau et outils\ndivers. Médaille de 1839 et 1844,\nimpasse St-Laurent, 2 Lis, à\nBelleville.\n", "score": 0.5, "origin": "computer", "checked": false}, {"id": 563, "parent": 562, "type": "LINE", "box": [932, 2158, 282, 26], "text": "", "indented": true, "EOL": false}, {"id": 562, "parent": 482, "type": "ENTRY", "box": [932, 2158, 282, 26], "name": "frichot", "street": "rue de Vaugirard", "street_number": "112", "raw": "Frichot, Vaugirard, 112.\n", "score": 1.0, "origin": "computer", "checked": false}, {"id": 565, "parent": 564, "type": "LINE", "box": [930, 2186, 390, 24], "text": "", "indented": true, "EOL": false}, {"id": 566, "parent": 564, "type": "LINE", "box": [946, 2216, 374, 24], "text": "", "indented": false, "EOL": false}, {"id": 567, "parent": 564, "type": "LINE", "box": [948, 2242, 82, 24], "text": "", "indented": false, "EOL": false}, {"id": 564, "parent": 482, "type": "ENTRY", "box": [930, 2186, 390, 80], "name": "gache freres", "street": "", "street_number": "13", "raw": "Gache frères, constructeurs de ba-\nteaux à vapeur, r. des Terres-For-\ntes, 13.\n", "score": 0.5, "origin": "computer", "checked": false}, {"id": 569, "parent": 568, "type": "LINE", "box": [930, 2270, 388, 26], "text": "", "indented": true, "EOL": false}, {"id": 570, "parent": 568, "type": "LINE", "box": [946, 2298, 374, 26], "text": "", "indented": false, "EOL": false}, {"id": 571, "parent": 568, "type": "LINE", "box": [944, 2326, 374, 24], "text": "", "indented": false, "EOL": false}, {"id": 572, "parent": 568, "type": "LINE", "box": [944, 2352, 372, 26], "text": "", "indented": false, "EOL": false}, {"id": 573, "parent": 568, "type": "LINE", "box": [944, 2380, 214, 24], "text": "", "indented": false, "EOL": false}, {"id": 568, "parent": 482, "type": "ENTRY", "box": [930, 2270, 390, 134], "name": "gragneau", "street": "rue Saint-Denis", "street_number": "319", "raw": "Gragneau, horloger-mécamicien,\nfab. de lampes Carcel perfection-\nnées, nouvel éclairage pour bil-\nlards, salons, salles à manger,\netc., St-Denis, 319. :\n", "score": 1.0, "origin": "computer", "checked": false}, {"id": 575, "parent": 574, "type": "LINE", "box": [930, 2408, 388, 24], "text": "", "indented": true, "EOL": false}, {"id": 576, "parent": 574, "type": "LINE", "box": [946, 2436, 306, 24], "text": "", "indented": false, "EOL": false}, {"id": 574, "parent": 482, "type": "ENTRY", "box": [930, 2408, 388, 52], "name": "gailard (mme )", "street": "allée des Mauves", "street_number": "5", "raw": "Gailard (Mme ), allee des Veuves,\n5. Voyez PoxPIERs. ’\n", "score": 0.9375, "origin": "computer", "checked": false}, {"id": 578, "parent": 577, "type": "LINE", "box": [930, 2462, 382, 26], "text": "", "indented": true, "EOL": false}, {"id": 579, "parent": 577, "type": "LINE", "box": [944, 2490, 270, 22], "text": "", "indented": false, "EOL": false}, {"id": 577, "parent": 482, "type": "ENTRY", "box": [930, 2462, 382, 50], "name": "gallafent", "street": "rue du Chemin Vert", "street_number": "18", "raw": "Gallafent, M. H. 1859, @ 1844,\nChemin-Vert, 18. à\n", "score": 1.0, "origin": "computer", "checked": false}, {"id": 581, "parent": 580, "type": "LINE", "box": [928, 2518, 390, 26], "text": "", "indented": true, "EOL": false}, {"id": 582, "parent": 580, "type": "LINE", "box": [942, 2546, 370, 26], "text": "", "indented": false, "EOL": false}, {"id": 583, "parent": 580, "type": "LINE", "box": [942, 2574, 376, 26], "text": "", "indented": false, "EOL": false}, {"id": 584, "parent": 580, "type": "LINE", "box": [942, 2600, 206, 24], "text": "", "indented": false, "EOL": false}, {"id": 580, "parent": 482, "type": "ENTRY", "box": [928, 2518, 390, 106], "name": "gallay et grignon", "street": "place Saint-André des Arts", "street_number": "11", "raw": "Gallay et Grignon, fab. de presses\ntypographiques en fer et en bois,\nà presser el à rogner, pl. St-An-\ndré-des-Arts, 11,\n", "score": 0.9814814814814815, "origin": "computer", "checked": false}, {"id": 586, "parent": 585, "type": "LINE", "box": [926, 2628, 236, 26], "text": "", "indented": true, "EOL": false}, {"id": 585, "parent": 482, "type": "ENTRY", "box": [926, 2628, 236, 26], "name": "gallino", "street": "rue du Temple", "street_number": "59", "raw": "Gallino, Temple, 59.\n", "score": 1.0, "origin": "computer", "checked": false}, {"id": 588, "parent": 587, "type": "LINE", "box": [926, 2656, 392, 26], "text": "", "indented": true, "EOL": false}, {"id": 589, "parent": 587, "type": "LINE", "box": [940, 2684, 378, 24], "text": "", "indented": false, "EOL": false}, {"id": 590, "parent": 587, "type": "LINE", "box": [942, 2712, 376, 28], "text": "", "indented": false, "EOL": false}, {"id": 591, "parent": 587, "type": "LINE", "box": [942, 2740, 376, 26], "text": "", "indented": false, "EOL": false}, {"id": 592, "parent": 587, "type": "LINE", "box": [942, 2768, 374, 28], "text": "", "indented": false, "EOL": false}, {"id": 587, "parent": 482, "type": "ENTRY", "box": [926, 2656, 392, 140], "name": "gaud bovy (h.f.)etcie", "street": "", "street_number": "", "raw": "Gaud-Bovy (H.F.)etCie, four-\nnisseurs des établissements natto-\nnausz et religieux ,. des adminie-\ntralions du. gouvernement et.de\nl'armée, déclics, combles et plan-\n", "score": 0.0, "origin": "computer", "checked": false}, {"id": 482, "parent": 481, "type": "COLUMN_LEVEL_2", "box": [922, 204, 408, 2594]}, {"id": 481, "parent": 480, "type": "SECTION_LEVEL_2", "box": [922, 204, 408, 2594]}, {"id": 480, "parent": 258, "type": "COLUMN_LEVEL_1", "box": [922, 202, 408, 2596]}, {"id": 597, "parent": 596, "type": "LINE", "box": [1376, 212, 376, 28], "text": "", "indented": false, "EOL": false}, {"id": 598, "parent": 596, "type": "LINE", "box": [1374, 242, 370, 26], "text": "", "indented": false, "EOL": false}, {"id": 599, "parent": 596, "type": "LINE", "box": [1374, 270, 378, 26], "text": "", "indented": false, "EOL": false}, {"id": 600, "parent": 596, "type": "LINE", "box": [1376, 298, 376, 26], "text": "", "indented": false, "EOL": false}, {"id": 601, "parent": 596, "type": "LINE", "box": [1374, 326, 378, 26], "text": "", "indented": false, "EOL": false}, {"id": 602, "parent": 596, "type": "LINE", "box": [1374, 354, 380, 26], "text": "", "indented": false, "EOL": false}, {"id": 603, "parent": 596, "type": "LINE", "box": [1376, 382, 376, 26], "text": "", "indented": false, "EOL": false}, {"id": 604, "parent": 596, "type": "LINE", "box": [1378, 410, 374, 20], "text": "", "indented": false, "EOL": false}, {"id": 605, "parent": 596, "type": "LINE", "box": [1378, 436, 374, 26], "text": "", "indented": false, "EOL": false}, {"id": 606, "parent": 596, "type": "LINE", "box": [1378, 464, 374, 28], "text": "", "indented": false, "EOL": false}, {"id": 607, "parent": 596, "type": "LINE", "box": [1374, 492, 378, 26], "text": "", "indented": false, "EOL": false}, {"id": 608, "parent": 596, "type": "LINE", "box": [1378, 520, 374, 26], "text": "", "indented": false, "EOL": false}, {"id": 609, "parent": 596, "type": "LINE", "box": [1376, 548, 372, 26], "text": "", "indented": false, "EOL": false}, {"id": 610, "parent": 596, "type": "LINE", "box": [1378, 576, 374, 26], "text": "", "indented": false, "EOL": false}, {"id": 611, "parent": 596, "type": "LINE", "box": [1376, 604, 376, 24], "text": "", "indented": false, "EOL": false}, {"id": 612, "parent": 596, "type": "LINE", "box": [1378, 632, 374, 22], "text": "", "indented": false, "EOL": false}, {"id": 613, "parent": 596, "type": "LINE", "box": [1376, 660, 376, 24], "text": "", "indented": false, "EOL": false}, {"id": 614, "parent": 596, "type": "LINE", "box": [1380, 688, 110, 18], "text": "", "indented": false, "EOL": false}, {"id": 596, "parent": 595, "type": "ENTRY", "box": [1374, 212, 380, 494], "name": "chers en fer", "street": "rue Notre-Dame de Recouvrance", "street_number": "19", "raw": "chers en fer, machimes à broyer\nles couleurs, à plier les étoffes,\nmoulins portati fs pour maïs, blé,\navoine, grains, lLapioca, érection\nd'usines à guz, dans toutes leurs\nparties, por villes el munufactu-\nres, éphodiamètres, appareils con.\ntrélant les rondes de surveillance\n(cesupparcils, d'une marche très-\nrégulière , fonctionnent quinze\njours sans qu'il soit besoin de les\nremonter, prix 75 fr.). moules à\nhosties, presses de tous genres.\n(Voyez Presses à copier) ; exécu—\nlion sur plans de toutes machines,\nserrurerie, rue Notre-Dame-de-\nRecouvrance, 19, boul. Bonne-\nNouvelle.\n", "score": 1.0, "origin": "computer", "checked": false}, {"id": 616, "parent": 615, "type": "LINE", "box": [1362, 714, 390, 24], "text": "", "indented": true, "EOL": false}, {"id": 617, "parent": 615, "type": "LINE", "box": [1378, 742, 376, 24], "text": "", "indented": false, "EOL": false}, {"id": 618, "parent": 615, "type": "LINE", "box": [1378, 770, 376, 26], "text": "", "indented": false, "EOL": false}, {"id": 619, "parent": 615, "type": "LINE", "box": [1376, 798, 376, 48], "text": "", "indented": false, "EOL": false}, {"id": 615, "parent": 595, "type": "ENTRY", "box": [1362, 714, 392, 132], "name": "gauthier freres", "street": "rue pavee saint sauveur", "street_number": "3", "raw": "Gauthier frères, M. H. 1834, ®\n1839, À 1844. Fab.à Woincourt,\nprès À bbeville (Somme ) ,matson\nà Paris, rue Pavée-St-Sauveur,\n3.\n", "score": 0.75, "origin": "computer", "checked": false}, {"id": 621, "parent": 620, "type": "LINE", "box": [1362, 854, 394, 22], "text": "", "indented": true, "EOL": false}, {"id": 622, "parent": 620, "type": "LINE", "box": [1378, 882, 378, 26], "text": "", "indented": false, "EOL": false}, {"id": 623, "parent": 620, "type": "LINE", "box": [1376, 910, 380, 26], "text": "", "indented": false, "EOL": false}, {"id": 624, "parent": 620, "type": "LINE", "box": [1378, 938, 376, 24], "text": "", "indented": false, "EOL": false}, {"id": 625, "parent": 620, "type": "LINE", "box": [1378, 966, 378, 26], "text": "", "indented": false, "EOL": false}, {"id": 626, "parent": 620, "type": "LINE", "box": [1378, 994, 378, 24], "text": "", "indented": false, "EOL": false}, {"id": 627, "parent": 620, "type": "LINE", "box": [1378, 1022, 372, 24], "text": "", "indented": false, "EOL": false}, {"id": 628, "parent": 620, "type": "LINE", "box": [1378, 1050, 378, 18], "text": "", "indented": false, "EOL": false}, {"id": 629, "parent": 620, "type": "LINE", "box": [1378, 1076, 378, 26], "text": "", "indented": false, "EOL": false}, {"id": 630, "parent": 620, "type": "LINE", "box": [1378, 1106, 378, 24], "text": "", "indented": false, "EOL": false}, {"id": 631, "parent": 620, "type": "LINE", "box": [1376, 1132, 378, 26], "text": "", "indented": false, "EOL": false}, {"id": 632, "parent": 620, "type": "LINE", "box": [1378, 1160, 376, 26], "text": "", "indented": false, "EOL": false}, {"id": 633, "parent": 620, "type": "LINE", "box": [1376, 1188, 378, 24], "text": "", "indented": false, "EOL": false}, {"id": 634, "parent": 620, "type": "LINE", "box": [1376, 1216, 378, 26], "text": "", "indented": false, "EOL": false}, {"id": 635, "parent": 620, "type": "LINE", "box": [1376, 1244, 380, 26], "text": "", "indented": false, "EOL": false}, {"id": 636, "parent": 620, "type": "LINE", "box": [1378, 1272, 370, 22], "text": "", "indented": false, "EOL": false}, {"id": 637, "parent": 620, "type": "LINE", "box": [1376, 1300, 378, 24], "text": "", "indented": false, "EOL": false}, {"id": 638, "parent": 620, "type": "LINE", "box": [1378, 1328, 230, 22], "text": "", "indented": false, "EOL": false}, {"id": 620, "parent": 595, "type": "ENTRY", "box": [1362, 854, 394, 496], "name": "gautron", "street": "rue Saint-Denis", "street_number": "259", "raw": "Gautron, mécanicien, tourneur en\ntous genres, () 1849, médaille\nd'honneur 1850, fabrique géné-\nrale de mécaniques et outils à\nl'usage de la passementerie pour\nlacets et tresses en grande lar-\ngeur, cordons ronds et carrés,\nsoutaches et tissus en caout-\nchouc, idem pour couvrir les\nfouets et cravaches, mécaniques\nperfectionnées et déposées, pour\nfaire les pelottes de coton, laine,\nfil, ficelles et autres; nouveaux\nrouets à retordre avec pignon\nélastique (breveté), rouets et\ndévidoirs molettes , émérillons,\nGrenétat, 16, ci-devant rue\nSaint-Denis, 259. *\n", "score": 1.0, "origin": "computer", "checked": false}, {"id": 640, "parent": 639, "type": "LINE", "box": [1362, 1354, 394, 24], "text": "", "indented": true, "EOL": false}, {"id": 641, "parent": 639, "type": "LINE", "box": [1378, 1382, 366, 26], "text": "", "indented": false, "EOL": false}, {"id": 642, "parent": 639, "type": "LINE", "box": [1376, 1410, 72, 24], "text": "", "indented": false, "EOL": false}, {"id": 639, "parent": 595, "type": "ENTRY", "box": [1362, 1354, 394, 80], "name": "gaveaux et nicolais", "street": "", "street_number": "23", "raw": "Gaveaux et Nicolais, @ 1534-\n39-44, Traverse, 23, (voyez Pres\nses).*\n", "score": 0.5, "origin": "computer", "checked": false}, {"id": 644, "parent": 643, "type": "LINE", "box": [1362, 1438, 262, 24], "text": "", "indented": true, "EOL": false}, {"id": 643, "parent": 595, "type": "ENTRY", "box": [1362, 1438, 262, 24], "name": "gebrling", "street": "rue Corbineau", "street_number": "21", "raw": "Gebrling, Corbeau, 21.\n", "score": 0.75, "origin": "computer", "checked": false}, {"id": 646, "parent": 645, "type": "LINE", "box": [1362, 1464, 386, 26], "text": "", "indented": true, "EOL": false}, {"id": 647, "parent": 645, "type": "LINE", "box": [1378, 1494, 134, 22], "text": "", "indented": false, "EOL": false}, {"id": 645, "parent": 595, "type": "ENTRY", "box": [1362, 1464, 386, 52], "name": "geneste", "street": "rue Amelot", "street_number": "62", "raw": "Geneste, ® 1844-1849, @ 1846,\nAmelot, 62.\n", "score": 1.0, "origin": "computer", "checked": false}, {"id": 649, "parent": 648, "type": "LINE", "box": [1364, 1520, 392, 28], "text": "", "indented": true, "EOL": false}, {"id": 650, "parent": 648, "type": "LINE", "box": [1378, 1550, 376, 24], "text": "", "indented": false, "EOL": false}, {"id": 651, "parent": 648, "type": "LINE", "box": [1378, 1576, 378, 26], "text": "", "indented": false, "EOL": false}, {"id": 652, "parent": 648, "type": "LINE", "box": [1378, 1606, 376, 22], "text": "", "indented": false, "EOL": false}, {"id": 653, "parent": 648, "type": "LINE", "box": [1378, 1634, 376, 24], "text": "", "indented": false, "EOL": false}, {"id": 654, "parent": 648, "type": "LINE", "box": [1378, 1660, 290, 26], "text": "", "indented": false, "EOL": false}, {"id": 648, "parent": 595, "type": "ENTRY", "box": [1364, 1520, 392, 166], "name": "gentiihomme", "street": "quai de la Tournelle", "street_number": "45", "raw": "Gentiihomme, mécanique et hy-\ndrauhque appliquées, eaux pour\nles pares et jardins et les irriga-\ntions, moulins à vent et moteurs\nhydrauliques en tous genres,\nquai de la Tournelle, 45.\n", "score": 1.0, "origin": "computer", "checked": false}, {"id": 656, "parent": 655, "type": "LINE", "box": [1364, 1686, 360, 28], "text": "", "indented": true, "EOL": false}, {"id": 655, "parent": 595, "type": "ENTRY", "box": [1364, 1686, 360, 28], "name": "george (joseph)", "street": "rue Papillon", "street_number": "10", "raw": "George (Joseph), Papillon, 10.\n", "score": 1.0, "origin": "computer", "checked": false}, {"id": 658, "parent": 657, "type": "LINE", "box": [1362, 1716, 392, 26], "text": "", "indented": true, "EOL": false}, {"id": 659, "parent": 657, "type": "LINE", "box": [1374, 1742, 380, 26], "text": "", "indented": false, "EOL": false}, {"id": 657, "parent": 595, "type": "ENTRY", "box": [1362, 1716, 392, 52], "name": "george", "street": "", "street_number": "14", "raw": "George, fab. ds mécaniques pour\npianos, Paradis-Poissonnière, 14.\n", "score": 0.5, "origin": "computer", "checked": false}, {"id": 661, "parent": 660, "type": "LINE", "box": [1362, 1772, 310, 26], "text": "", "indented": true, "EOL": false}, {"id": 660, "parent": 595, "type": "ENTRY", "box": [1362, 1772, 310, 26], "name": "gerardin", "street": "rue du Colisée", "street_number": "39", "raw": "Gerardin, Colysée, 39...\n", "score": 0.9285714285714286, "origin": "computer", "checked": false}, {"id": 663, "parent": 662, "type": "LINE", "box": [1362, 1798, 392, 26], "text": "", "indented": true, "EOL": false}, {"id": 664, "parent": 662, "type": "LINE", "box": [1378, 1828, 224, 22], "text": "", "indented": false, "EOL": false}, {"id": 662, "parent": 595, "type": "ENTRY", "box": [1362, 1798, 392, 52], "name": "gervais", "street": "rue du Grenier Saint-Lazare", "street_number": "13", "raw": "Gervais, pour la bijouterie, Gre-\nnier-St-Lazare, 13.\n", "score": 0.9761904761904762, "origin": "computer", "checked": false}, {"id": 666, "parent": 665, "type": "LINE", "box": [1364, 1854, 390, 26], "text": "", "indented": true, "EOL": false}, {"id": 667, "parent": 665, "type": "LINE", "box": [1376, 1882, 376, 26], "text": "", "indented": false, "EOL": false}, {"id": 668, "parent": 665, "type": "LINE", "box": [1378, 1912, 254, 24], "text": "", "indented": false, "EOL": false}, {"id": 665, "parent": 595, "type": "ENTRY", "box": [1364, 1854, 390, 82], "name": "getting (a.)", "street": "avenue dauphine", "street_number": "", "raw": "Getting (A.), construcieur de ma-\ntériel pour chemins de fer, avenue\nDauphine, à Passy. *\n", "score": 0.5, "origin": "computer", "checked": false}, {"id": 670, "parent": 669, "type": "LINE", "box": [1362, 1938, 382, 24], "text": "", "indented": true, "EOL": false}, {"id": 671, "parent": 669, "type": "LINE", "box": [1376, 1966, 378, 22], "text": "", "indented": false, "EOL": false}, {"id": 672, "parent": 669, "type": "LINE", "box": [1378, 1992, 376, 26], "text": "", "indented": false, "EOL": false}, {"id": 673, "parent": 669, "type": "LINE", "box": [1376, 2022, 378, 22], "text": "", "indented": false, "EOL": false}, {"id": 674, "parent": 669, "type": "LINE", "box": [1376, 2048, 378, 26], "text": "", "indented": false, "EOL": false}, {"id": 675, "parent": 669, "type": "LINE", "box": [1376, 2076, 376, 26], "text": "", "indented": false, "EOL": false}, {"id": 676, "parent": 669, "type": "LINE", "box": [1376, 2104, 376, 26], "text": "", "indented": false, "EOL": false}, {"id": 677, "parent": 669, "type": "LINE", "box": [1376, 2132, 376, 26], "text": "", "indented": false, "EOL": false}, {"id": 678, "parent": 669, "type": "LINE", "box": [1374, 2160, 378, 26], "text": "", "indented": false, "EOL": false}, {"id": 679, "parent": 669, "type": "LINE", "box": [1374, 2188, 206, 24], "text": "", "indented": false, "EOL": false}, {"id": 669, "parent": 595, "type": "ENTRY", "box": [1362, 1938, 392, 274], "name": "gilbert (a.)", "street": "rue du Roi de Sicile", "street_number": "29", "raw": "Gilbert (A.), elève de Croustsch,\nsuccèsseur de Jzard, serrurier-\nmécanicien, fabricant de filières\nà tirer au banc, filières à trous\npolis évasés pour le tube etle dou-\nblé, jauges à fil-de-fer, et pour\nlamineurs, règles et équerres en\nfer et cuivre et en acier, pinces\nà tirer au banc à garantie, Roi-\nde-Sicile, 29. $\n", "score": 1.0, "origin": "computer", "checked": false}, {"id": 681, "parent": 680, "type": "LINE", "box": [1360, 2216, 394, 26], "text": "", "indented": true, "EOL": false}, {"id": 682, "parent": 680, "type": "LINE", "box": [1374, 2244, 166, 24], "text": "", "indented": false, "EOL": false}, {"id": 680, "parent": 595, "type": "ENTRY", "box": [1360, 2216, 394, 52], "name": "gillet", "street": "rue de la Folie-Méricourt", "street_number": "22", "raw": "Gillet, meécanicien-horloger,Fohe-\nMéricourt, 22.\n", "score": 0.9285714285714286, "origin": "computer", "checked": false}, {"id": 684, "parent": 683, "type": "LINE", "box": [1358, 2270, 396, 26], "text": "", "indented": true, "EOL": false}, {"id": 685, "parent": 683, "type": "LINE", "box": [1374, 2298, 378, 26], "text": "", "indented": false, "EOL": false}, {"id": 683, "parent": 595, "type": "ENTRY", "box": [1358, 2270, 396, 54], "name": "gillimann et alauzet", "street": "boulevard montparnasse", "street_number": "77", "raw": "Gillimann et Alauzet, M. H. 1849,\nboul, Mont-Parnasse, 77. :\n", "score": 0.9615384615384616, "origin": "computer", "checked": false}, {"id": 687, "parent": 686, "type": "LINE", "box": [1358, 2326, 280, 26], "text": "", "indented": true, "EOL": false}, {"id": 686, "parent": 595, "type": "ENTRY", "box": [1358, 2326, 280, 26], "name": "gillot", "street": "rue des Trois Frères", "street_number": "21", "raw": "Gillot, Trois-Frères, 21.\n", "score": 1.0, "origin": "computer", "checked": false}, {"id": 689, "parent": 688, "type": "LINE", "box": [1358, 2354, 300, 26], "text": "", "indented": true, "EOL": false}, {"id": 688, "parent": 595, "type": "ENTRY", "box": [1358, 2354, 300, 26], "name": "girardin", "street": "rue des Gravilliers", "street_number": "46", "raw": "Girardin, Gravilliers, 46.\n", "score": 1.0, "origin": "computer", "checked": false}, {"id": 691, "parent": 690, "type": "LINE", "box": [1358, 2382, 388, 26], "text": "", "indented": true, "EOL": false}, {"id": 692, "parent": 690, "type": "LINE", "box": [1376, 2410, 108, 22], "text": "", "indented": false, "EOL": false}, {"id": 690, "parent": 595, "type": "ENTRY", "box": [1358, 2382, 388, 50], "name": "giraudon", "street": "rue de la Roquette", "street_number": "", "raw": "Giraudon, ® 1844, Roquette,\n132-134. s\n", "score": 0.5, "origin": "computer", "checked": false}, {"id": 694, "parent": 693, "type": "LINE", "box": [1358, 2430, 388, 32], "text": "", "indented": true, "EOL": false}, {"id": 695, "parent": 693, "type": "LINE", "box": [1374, 2466, 378, 26], "text": "", "indented": false, "EOL": false}, {"id": 696, "parent": 693, "type": "LINE", "box": [1374, 2494, 376, 28], "text": "", "indented": false, "EOL": false}, {"id": 697, "parent": 693, "type": "LINE", "box": [1374, 2522, 376, 26], "text": "", "indented": false, "EOL": false}, {"id": 698, "parent": 693, "type": "LINE", "box": [1374, 2550, 376, 24], "text": "", "indented": false, "EOL": false}, {"id": 699, "parent": 693, "type": "LINE", "box": [1374, 2578, 328, 22], "text": "", "indented": false, "EOL": false}, {"id": 693, "parent": 595, "type": "ENTRY", "box": [1358, 2430, 394, 170], "name": "girouard", "street": "", "street_number": "54", "raw": "Girouard, tourneur-mécanicien,\nfait les essieux patents d’un\nnouveau système évitant l’en-—\nrayage et la perte de l'huile\n(à garantie), machines à vapeur,\nNeuve-des-Mathurins, 54. *\n", "score": 0.5, "origin": "computer", "checked": false}, {"id": 701, "parent": 700, "type": "LINE", "box": [1360, 2606, 388, 24], "text": "", "indented": true, "EOL": false}, {"id": 702, "parent": 700, "type": "LINE", "box": [1374, 2632, 374, 28], "text": "", "indented": false, "EOL": false}, {"id": 703, "parent": 700, "type": "LINE", "box": [1374, 2660, 118, 26], "text": "", "indented": false, "EOL": false}, {"id": 700, "parent": 595, "type": "ENTRY", "box": [1360, 2606, 388, 80], "name": "giroudot (ch.) fils", "street": "rue du Val de Grâce", "street_number": "18", "raw": "Giroudot (Ch.) fils, faë. depresses,\nM. H. 1844, ® 1849, Val-de-\nGrâce, 18.\n", "score": 1.0, "origin": "computer", "checked": false}, {"id": 705, "parent": 704, "type": "LINE", "box": [1358, 2688, 340, 22], "text": "", "indented": true, "EOL": false}, {"id": 704, "parent": 595, "type": "ENTRY", "box": [1358, 2688, 340, 22], "name": "giroux", "street": "rue Guérin-Boisseau", "street_number": "20", "raw": "Giroux. Guérin-Boisseau, 20.\n", "score": 1.0, "origin": "computer", "checked": false}, {"id": 707, "parent": 706, "type": "LINE", "box": [1358, 2716, 392, 26], "text": "", "indented": true, "EOL": false}, {"id": 708, "parent": 706, "type": "LINE", "box": [1372, 2744, 242, 24], "text": "", "indented": false, "EOL": false}, {"id": 706, "parent": 595, "type": "ENTRY", "box": [1358, 2716, 392, 52], "name": "goislard", "street": "rue Saint-Honoré", "street_number": "61", "raw": "Goislard:;, St-Honoré, 61. Voyez\nSoufflels. : ::1=,.%\n", "score": 1.0, "origin": "computer", "checked": false}, {"id": 710, "parent": 709, "type": "LINE", "box": [1358, 2770, 268, 28], "text": "", "indented": true, "EOL": false}, {"id": 709, "parent": 595, "type": "ENTRY", "box": [1358, 2770, 268, 28], "name": "golaz (l.)", "street": "rue de la Harpe", "street_number": "88", "raw": "Golaz (L.), Harpe, 88,\n", "score": 1.0, "origin": "computer", "checked": false}, {"id": 595, "parent": 594, "type": "COLUMN_LEVEL_2", "box": [1350, 210, 406, 2588]}, {"id": 594, "parent": 593, "type": "SECTION_LEVEL_2", "box": [1350, 210, 406, 2588]}, {"id": 593, "parent": 258, "type": "COLUMN_LEVEL_1", "box": [1350, 202, 406, 2596]}, {"id": 258, "parent": 256, "type": "SECTION_LEVEL_1", "box": [70, 202, 1686, 2596]}, {"id": 256, "type": "PAGE", "box": [70, 164, 1686, 2634]}]